Ni,Nh1,Nh2,No,act_f,n_epochs,batchsize,lr,decay,lr_final,reg_type,alpha_reg,patience,train_loss,val_loss
1,30,30,1,leaky ReLU,5000,1,0.008699899047540632,True,0.0005,L2,0.002488939709547974,400,1.785001331192566,1.4604193018366294
1,18,18,1,leaky ReLU,5000,1,0.002968694175450633,True,0.0005,L2,0.007088488703768776,400,1.1856986663985025,1.3133920350258634
1,15,15,1,leaky ReLU,5000,1,0.00775968456121851,True,0.0005,L1,0.0027104098365269853,400,1.285066508097364,1.3857352010948425
1,36,36,1,ReLU,5000,1,0.004848709114546853,True,0.0005,None,0.0033446795708654354,400,1.019511354343885,1.2022375165849557
1,91,91,1,leaky ReLU,5000,1,0.0056046104114358345,True,0.0005,L1,0.006395881156505572,400,1.4368114992517333,1.2351817712693343
1,67,67,1,sig,5000,1,0.0040687031152414534,True,0.0005,L1,0.004445556788983382,400,2.967725446847648,3.5414454395818433
1,26,26,1,ReLU,5000,1,0.0015579987390186682,True,0.0005,None,0.0027925345645353895,400,1.3051864122955827,1.4590885522176256
1,56,56,1,leaky ReLU,5000,1,0.0010931577301526347,True,0.0005,L2,0.005610450805758179,400,1.2013676540084512,1.332167777501881
1,24,24,1,sig,5000,1,0.004340719024611566,True,0.0005,L2,0.00817866473863069,400,1.5249861790287595,1.6161987746534927
1,56,56,1,ReLU,5000,1,0.0019532003743142315,True,0.0005,L1,0.003049591944286231,400,1.0524424474861271,1.2573417545716592
1,11,11,1,ReLU,5000,1,0.0015727514840531845,True,0.0005,L2,0.002733024233008778,400,1.2743023757207903,1.4183356155684677
1,8,8,1,leaky ReLU,5000,1,0.0029697021463209396,True,0.0005,L1,0.002307698717674702,400,1.2352624657346571,1.416681221985825
1,94,94,1,ReLU,5000,1,0.004531498235114282,True,0.0005,L1,0.0076851071124752705,400,1.4219039570348626,1.2839156238946456
1,11,11,1,leaky ReLU,5000,1,0.001699937123376212,True,0.0005,L2,0.00755596169131481,400,1.4452492615834411,1.5138873650567402
1,93,93,1,sig,5000,1,0.006440760400563695,True,0.0005,L2,0.007469175439435445,400,1.5864157804517345,1.6642518337301802
1,24,24,1,ReLU,5000,1,0.00270478509081621,True,0.0005,None,0.0041548675948619935,400,1.0164372861408428,1.2938850720118307
1,27,27,1,sig,5000,1,0.008511623606585094,True,0.0005,None,0.003064774976327191,400,1.2670387352939116,1.334040566879976
1,67,67,1,leaky ReLU,5000,1,0.007438481326670821,True,0.0005,L1,0.004847973358186656,400,1.684062714403732,1.2959963058296609
1,73,73,1,ReLU,5000,1,0.006505022493976817,True,0.0005,L2,0.008863024910531581,400,1.2510075928732072,1.3141244081053114
1,86,86,1,leaky ReLU,5000,1,0.0015687594475548117,True,0.0005,L2,0.00712305707591824,400,1.220782054314141,1.3518253163552614
1,42,42,1,ReLU,5000,1,0.003284867556117115,True,0.0005,L2,0.009157969015493806,400,1.1350572901261118,1.279261513366762
1,25,25,1,ReLU,5000,1,0.007044607086145769,True,0.0005,L1,0.008920032672374428,400,1.675671104455521,1.428214350645138
1,80,80,1,leaky ReLU,5000,1,0.005207777606319445,True,0.0005,None,0.007993622517223221,400,1.0156320135297205,1.2383938425476289
1,53,53,1,ReLU,5000,1,0.002148368181637137,True,0.0005,None,0.0028788447462387585,400,0.9691084147374087,1.2402691722117458
1,18,18,1,sig,5000,1,0.008088149996354866,True,0.0005,L1,0.006263384599392801,400,2.6850315723502653,3.1857352890658417
1,45,45,1,sig,5000,1,0.003123938969812892,True,0.0005,L1,0.0013190907061699088,400,1.2961986204965084,1.3356651160429394
1,30,30,1,sig,5000,1,0.004472392048753329,True,0.0005,None,0.004263681609434921,400,1.3283242993217832,1.3620378561297128
1,94,94,1,sig,5000,1,0.003906565594056085,True,0.0005,L1,0.006335792161212213,400,3.5808695041491374,3.5729466057688315
1,27,27,1,leaky ReLU,5000,1,0.0038031762121536676,True,0.0005,None,0.0023626494829682397,400,0.9953181888438181,1.2446971628085166
1,54,54,1,leaky ReLU,5000,1,0.005896855573720059,True,0.0005,None,0.001692299798423082,400,1.124264009420859,1.249969766654507
1,28,28,1,leaky ReLU,5000,1,0.00664979860311361,True,0.0005,L1,0.004350691089530824,400,1.41868643591161,1.2881673483963492
1,34,34,1,ReLU,5000,1,0.0029356935868656998,True,0.0005,L1,0.0045851355055851455,400,1.0961752038658696,1.2197090698338517
1,18,18,1,leaky ReLU,5000,1,0.003949412909253978,True,0.0005,L2,0.006467795289974307,400,1.0946192407828848,1.2770100943158316
1,59,59,1,leaky ReLU,5000,1,0.001021121259147223,True,0.0005,None,0.0033806043438052162,400,1.137488196599768,1.2704531697318282
1,80,80,1,sig,5000,1,0.00886727779074643,True,0.0005,None,0.008235275319519689,400,1.1766890247001716,1.2830129963340102
1,19,19,1,leaky ReLU,5000,1,0.0016068000196995935,True,0.0005,L1,0.005664103446206954,400,1.0757399695062855,1.2959387880216104
1,19,19,1,ReLU,5000,1,0.002867972191099726,True,0.0005,None,0.0077636499564142526,400,1.2303160128797117,1.4077700522535168
1,72,72,1,ReLU,5000,1,0.009414479647554135,True,0.0005,L1,0.00335323157470315,400,3.282213637785847,2.6953120301788616
1,81,81,1,leaky ReLU,5000,1,0.002672904715667399,True,0.0005,L2,0.0040690968425201035,400,1.0687206764205994,1.3237493492357566
1,31,31,1,sig,5000,1,0.004070673384352556,True,0.0005,L1,0.008534577905117066,400,3.1332731297189538,2.910759130599903
1,91,91,1,sig,5000,1,0.003962966252624626,True,0.0005,L2,0.0053449317035438966,400,1.513481194161511,1.5960438123829497
1,18,18,1,ReLU,5000,1,0.007258510537716708,True,0.0005,None,0.00523230203817998,400,6.398507011409859,3.1976265592958324
1,33,33,1,leaky ReLU,5000,1,0.004902474574422801,True,0.0005,L1,0.006852952961765464,400,1.372976369400941,1.313491349527021
1,80,80,1,ReLU,5000,1,0.005575638587763103,True,0.0005,L1,0.009637956569964492,400,2.638005817157191,1.6808932082825523
1,86,86,1,leaky ReLU,5000,1,0.0072277354601469725,True,0.0005,None,0.005640572219994352,400,1.5132959942294248,1.5686625505241187
1,63,63,1,sig,5000,1,0.002617219977600675,True,0.0005,None,0.0015013821641017503,400,1.3290368853929415,1.3850374892748052
1,99,99,1,sig,5000,1,0.007194647919742983,True,0.0005,L1,0.007178628915676774,400,3.624601966695977,3.5920151625642807
1,83,83,1,ReLU,5000,1,0.006078804649448109,True,0.0005,L1,0.0015201357365349243,400,1.2694374054508317,1.308014306171322
1,30,30,1,leaky ReLU,5000,1,0.007093482209706625,True,0.0005,L1,0.006089769443135542,400,1.5554326856508482,1.3115542744772075
1,26,26,1,leaky ReLU,5000,1,0.00273751669703694,True,0.0005,None,0.008300551507836831,400,1.04523539833539,1.280260691395533
1,53,53,1,leaky ReLU,5000,1,0.0035316200526041537,True,0.0005,None,0.003745461991391774,400,0.9799886763846037,1.2695209905578904
1,70,70,1,ReLU,5000,1,0.008277276775255828,True,0.0005,L2,0.008914731471162621,400,3.51440299465336,2.3672859903014363
1,33,33,1,sig,5000,1,0.00994547696611624,True,0.0005,None,0.009861049114941192,400,1.2192099527627935,1.3361363505236488
1,32,32,1,sig,5000,1,0.0071697483385964305,True,0.0005,None,0.008374408444617345,400,1.325826706155903,1.374846081071298
1,73,73,1,sig,5000,1,0.0057441243874839475,True,0.0005,L1,0.009093787461605139,400,3.6009606310170645,3.568812533058617
1,6,6,1,leaky ReLU,5000,1,0.008024096599962376,True,0.0005,L1,0.007023954518677458,400,1.7026068360779762,1.4565656122065738
1,56,56,1,leaky ReLU,5000,1,0.00761544115294387,True,0.0005,L2,0.004207460155412639,400,1.7298431503765461,2.0840616777356247
1,69,69,1,sig,5000,1,0.0017802010170993613,True,0.0005,L1,0.003010928827396045,400,1.4508436030519904,1.4977641176494938
1,30,30,1,leaky ReLU,5000,1,0.004500936846459538,True,0.0005,L1,0.002758314751333652,400,1.1491345329564588,1.2209231735219532
1,84,84,1,leaky ReLU,5000,1,0.00962591202077465,True,0.0005,None,0.002158335440515108,400,1.766548704046859,1.4547949314462385
1,28,28,1,leaky ReLU,5000,1,0.004694468255077334,True,0.0005,L1,0.0035322660289866,400,1.1811026464614505,1.2379411165727783
1,87,87,1,leaky ReLU,5000,1,0.004655769912314428,True,0.0005,None,0.009731852314402892,400,1.1973038444479636,1.2406727133748197
1,53,53,1,ReLU,5000,1,0.00697725979250266,True,0.0005,L2,0.004186352475494293,400,2.048181173371854,1.9250251428895073
1,99,99,1,leaky ReLU,5000,1,0.007762526950647064,True,0.0005,L1,0.006413654667228492,400,2.1527410813911825,1.793221869497296
1,43,43,1,ReLU,5000,1,0.006426018767500328,True,0.0005,L1,0.005783408412487923,400,1.3613817818321223,1.2655592322667997
1,38,38,1,sig,5000,1,0.004557741955800545,True,0.0005,L1,0.00897908715965073,400,3.592910758298751,3.5823612412019594
1,35,35,1,leaky ReLU,5000,1,0.002595906636004372,True,0.0005,None,0.008674739728141803,400,1.0557879297298676,1.3224259354712062
1,87,87,1,ReLU,5000,1,0.001873302872295735,True,0.0005,L1,0.008029012084226331,400,1.1718377562433613,1.3183751403422441
1,90,90,1,leaky ReLU,5000,1,0.00626072956331374,True,0.0005,L2,0.006874464155645185,400,1.1875502435570144,1.2811091878879755
1,56,56,1,leaky ReLU,5000,1,0.008588524263436027,True,0.0005,None,0.007032452236934413,400,1.746584817571681,1.4961372794890746
1,9,9,1,sig,5000,1,0.004787819636365344,True,0.0005,L2,0.0090269910502189,400,1.996537312634699,2.3358276306315977
1,18,18,1,ReLU,5000,1,0.005961808832317553,True,0.0005,L2,0.006861620818920052,400,1.251276571152161,1.2717937400527959
1,21,21,1,sig,5000,1,0.008641299969299021,True,0.0005,L2,0.009661767088699733,400,1.5340212579283266,1.5806487583863582
1,74,74,1,sig,5000,1,0.007509296792638663,True,0.0005,L2,0.0051390217251086456,400,1.4626893520019324,1.544913923931035
1,63,63,1,ReLU,5000,1,0.006567023113986206,True,0.0005,None,0.009705466454256188,400,1.049111816699406,1.2766100719717284
1,48,48,1,ReLU,5000,1,0.007569626931712236,True,0.0005,L2,0.009159985780786868,400,2.4839168953949966,2.200040195652131
1,74,74,1,sig,5000,1,0.007869708628032893,True,0.0005,L1,0.0084194546211625,400,3.6396220284910017,3.601580528533
1,59,59,1,sig,5000,1,0.009749037727994476,True,0.0005,L2,0.007418319910766609,400,1.5409597757758027,1.5955071203480227
1,36,36,1,ReLU,5000,1,0.005362356918134489,True,0.0005,L1,0.004551395380143116,400,1.2460921652948254,1.1850909461365027
1,18,18,1,sig,5000,1,0.0018456264413576787,True,0.0005,L1,0.0010177461377803513,400,1.3258328502313483,1.3668543458845246
1,21,21,1,ReLU,5000,1,0.0014530554605071359,True,0.0005,L1,0.0032065024146546452,400,1.1081591051238189,1.2400694548887816
1,15,15,1,ReLU,5000,1,0.006650898258432107,True,0.0005,L1,0.003372514084910087,400,1.138848246347043,1.2025087750806127
1,38,38,1,leaky ReLU,5000,1,0.0021878639047286626,True,0.0005,L2,0.003157041641135678,400,1.2044490822595924,1.3377490180672789
1,87,87,1,ReLU,5000,1,0.009939959766319267,True,0.0005,None,0.008789362259478437,400,7.412178617069734,6.6415273326006625
1,43,43,1,ReLU,5000,1,0.005696714587304741,True,0.0005,L1,0.008245238093848016,400,1.369975771576582,1.2308503392453631
1,55,55,1,leaky ReLU,5000,1,0.007042583754883828,True,0.0005,None,0.005871051218740251,400,1.5710394095025444,1.596521481428656
1,96,96,1,ReLU,5000,1,0.0046680028882994835,True,0.0005,L1,0.0024687134143247247,400,1.1300383874516382,1.2436477157444568
1,16,16,1,leaky ReLU,5000,1,0.002264250819860098,True,0.0005,L2,0.004466162341299438,400,1.0886998514502277,1.2684849288242641
1,37,37,1,leaky ReLU,5000,1,0.003550785104937736,True,0.0005,L2,0.0023974806770536705,400,1.0443434066697108,1.2440970815193253
1,6,6,1,ReLU,5000,1,0.009890386295899431,True,0.0005,L2,0.0028849454766858747,400,20.861526947494262,22.81557294259753
1,97,97,1,ReLU,5000,1,0.008636777565993327,True,0.0005,L1,0.006941735237511462,400,4.604281290373681,5.817689695491128
1,100,100,1,ReLU,5000,1,0.0057918899193141055,True,0.0005,None,0.008139670299182587,400,1.0101292972442248,1.240943082373542
1,87,87,1,ReLU,5000,1,0.0025131715058552577,True,0.0005,L1,0.004714950564406607,400,1.1789821631956248,1.3337231910454246
1,8,8,1,ReLU,5000,1,0.00697689839880952,True,0.0005,L2,0.005822318484900518,400,14.535142624028099,9.84337854743791
1,84,84,1,leaky ReLU,5000,1,0.004081304148709402,True,0.0005,L1,0.00884479720963885,400,1.5669974802209232,1.3690965277766778
1,52,52,1,ReLU,5000,1,0.005074640661636661,True,0.0005,None,0.007697690649237093,400,1.0079985423116853,1.22029523033993
1,72,72,1,leaky ReLU,5000,1,0.006619731795788656,True,0.0005,L1,0.009703385449409341,400,1.631287138007276,1.5626431193259018
1,43,43,1,sig,5000,1,0.00481624336650036,True,0.0005,L1,0.005259371776507249,400,3.0821299008783676,3.0524822893626697
1,30,30,1,sig,5000,1,0.0025411807678553684,True,0.0005,L2,0.0010225628408934994,400,1.3174910004591003,1.4072935834152083
1,63,63,1,ReLU,5000,1,0.005731286873587174,True,0.0005,L1,0.008705539296956125,400,1.4816339074085356,1.2546924155928842
1,60,60,1,leaky ReLU,5000,1,0.00852658325226498,True,0.0005,L1,0.001382005529731888,400,1.464861895929154,1.443046268085099
1,43,43,1,sig,5000,1,0.00416768685219846,True,0.0005,L2,0.007821376775134108,400,1.5339338235721796,1.658553332340241
1,70,70,1,sig,5000,1,0.003861881256632645,True,0.0005,None,0.007529014394716397,400,1.2343079786190838,1.3457041282984286
1,45,45,1,leaky ReLU,5000,1,0.008007201801784082,True,0.0005,L2,0.0019369239552499676,400,1.223262872857427,1.288899070283322
1,18,18,1,leaky ReLU,5000,1,0.00521138988242458,True,0.0005,None,0.0072463024959410075,400,1.0292499343770374,1.2150229422822654
1,39,39,1,ReLU,5000,1,0.009839820500340296,True,0.0005,L1,0.0034322038073396474,400,5.92944538624802,8.595332707403422
1,66,66,1,sig,5000,1,0.0019030866500456013,True,0.0005,None,0.003884161151715464,400,1.3005394889605524,1.379842510202348
1,12,12,1,leaky ReLU,5000,1,0.001189408301509054,True,0.0005,L1,0.003941690884216142,400,1.1295360900535076,1.2360083735235199
1,85,85,1,ReLU,5000,1,0.0037677604406025095,True,0.0005,L2,0.00921439904290506,400,1.0860000836358048,1.273283720328498
1,9,9,1,ReLU,5000,1,0.004589287255420279,True,0.0005,None,0.0026437083808966977,400,1.3462247655277326,1.4043806871609033
1,34,34,1,leaky ReLU,5000,1,0.006816240537667212,True,0.0005,L1,0.006643136458639162,400,1.8497918716390016,1.2883404563124796
1,47,47,1,leaky ReLU,5000,1,0.006156790521187607,True,0.0005,L2,0.006489258796864878,400,1.221193675324707,1.2849695454272643
1,72,72,1,sig,5000,1,0.009523113676542752,True,0.0005,None,0.0015586111308261064,400,1.1843240228206957,1.2871144062941127
1,79,79,1,sig,5000,1,0.0025162972564963066,True,0.0005,None,0.008290757885690218,400,1.2819882040141943,1.3769096071589204
1,5,5,1,leaky ReLU,5000,1,0.008574167056269295,True,0.0005,None,0.007424093389824104,400,2.322162116878895,2.6196059050362455
1,83,83,1,ReLU,5000,1,0.0046494778300641935,True,0.0005,L1,0.0050451112607771175,400,1.2964932765172998,1.1758885598832651
1,45,45,1,sig,5000,1,0.00973142268659992,True,0.0005,None,0.0010577865633138572,400,1.1146971707176214,1.3115399312605769
1,21,21,1,sig,5000,1,0.00890055315540204,True,0.0005,L1,0.007201122313523008,400,3.178840831704991,3.026181944429854
1,96,96,1,ReLU,5000,1,0.006907681216241001,True,0.0005,L1,0.007760931492853811,400,1.7396686481016284,1.4722870893879068
1,79,79,1,leaky ReLU,5000,1,0.004664104677394557,True,0.0005,L2,0.009142938263076085,400,1.20169000747297,1.3026594490992132
1,91,91,1,sig,5000,1,0.007363450337511045,True,0.0005,L1,0.005940887975005049,400,3.5961310384290464,3.5647118229805552
1,97,97,1,leaky ReLU,5000,1,0.007351004526490079,True,0.0005,None,0.003409071502922205,400,1.1595556670258853,1.3504247197536656
1,65,65,1,sig,5000,1,0.005301507732827897,True,0.0005,None,0.0034852814310833698,400,1.2500013658530134,1.3127784616244838
1,72,72,1,leaky ReLU,5000,1,0.00954253779910215,True,0.0005,L2,0.005142318578730836,400,1.8293030517442417,1.6256839476081504
1,92,92,1,leaky ReLU,5000,1,0.00653286292310769,True,0.0005,None,0.007705139772300539,400,1.2185126115929652,1.357869484023344
1,68,68,1,leaky ReLU,5000,1,0.007293563587172288,True,0.0005,L1,0.009133166626763278,400,1.8140039208092456,1.5498916811086842
1,49,49,1,sig,5000,1,0.0072639647031155444,True,0.0005,L1,0.004991681404886962,400,3.611415768673984,3.5688839051641503
1,76,76,1,ReLU,5000,1,0.005431896123352765,True,0.0005,None,0.003565188796209938,400,1.0712951269516942,1.303602821617496
1,75,75,1,leaky ReLU,5000,1,0.003663920040290944,True,0.0005,None,0.003907019642259089,400,1.0780755229011285,1.2472178474667655
1,25,25,1,sig,5000,1,0.005658317777724057,True,0.0005,None,0.0028468220434442384,400,1.3219633547851648,1.3696816619406338
1,6,6,1,leaky ReLU,5000,1,0.006670291648804646,True,0.0005,L1,0.004433599160214687,400,3.9471374999294944,1.3735925164482354
1,60,60,1,leaky ReLU,5000,1,0.006173387323843693,True,0.0005,None,0.009915974257589555,400,1.251891456409443,1.3087963933943492
1,51,51,1,ReLU,5000,1,0.009822885384385027,True,0.0005,L2,0.004594907279229607,400,4.3554524586703,4.2053018572698
1,65,65,1,sig,5000,1,0.0053951884513608475,True,0.0005,L2,0.006584596651439936,400,1.5351945754483158,1.6214955143798226
1,37,37,1,sig,5000,1,0.0024256295124278375,True,0.0005,L1,0.004452581551101283,400,1.4766729028132177,1.574702317658757
1,63,63,1,leaky ReLU,5000,1,0.0020496478586866955,True,0.0005,L2,0.005320745422676981,400,1.1234655506454938,1.3755231013630715
1,66,66,1,leaky ReLU,5000,1,0.007304993730091345,True,0.0005,L2,0.0010995954660614914,400,1.6329907099342686,1.6325052148103334
1,12,12,1,leaky ReLU,5000,1,0.005565935390078405,True,0.0005,L1,0.0021392927268810568,400,1.2462817249209255,1.2538675673669102
1,50,50,1,sig,5000,1,0.0065656024145755955,True,0.0005,L2,0.0071018719896245135,400,1.5308575855631301,1.604899966011788
1,100,100,1,leaky ReLU,5000,1,0.0013342654727653525,True,0.0005,L1,0.002583489903317793,400,1.052929811654827,1.2477889223820402
1,51,51,1,ReLU,5000,1,0.003222415381832711,True,0.0005,L1,0.0034215441717035727,400,1.1041380579988171,1.2330305146732503
1,29,29,1,sig,5000,1,0.004559357699459686,True,0.0005,None,0.0058577585543046545,400,1.3048323334116627,1.368745059140942
1,23,23,1,ReLU,5000,1,0.009834503802339543,True,0.0005,L2,0.008379557359349933,400,4.594582110712443,4.119534803337955
1,14,14,1,leaky ReLU,5000,1,0.0019745049420277715,True,0.0005,L1,0.005436291248962596,400,1.0909295113897233,1.2690230057322167
1,78,78,1,leaky ReLU,5000,1,0.0020742210634258156,True,0.0005,None,0.0035187384473598987,400,1.0730658159736077,1.3122777795178107
1,100,100,1,sig,5000,1,0.0030571825098730603,True,0.0005,None,0.0016046704569168799,400,1.2892825940490609,1.3616138236509012
1,49,49,1,leaky ReLU,5000,1,0.00566231233363833,True,0.0005,None,0.005171945316101087,400,1.1080124113309195,1.2639793279004803
1,66,66,1,sig,5000,1,0.008648511248846842,True,0.0005,None,0.0030264163435164545,400,1.1447057288043254,1.301068231056523
1,27,27,1,sig,5000,1,0.0047297060439159665,True,0.0005,L1,0.0076930819944311755,400,3.593986854053422,3.5810297720124753
1,31,31,1,sig,5000,1,0.00268498923791044,True,0.0005,L1,0.003185020375250439,400,1.433654064319195,1.4093872187415077
1,75,75,1,sig,5000,1,0.0045440054499083,True,0.0005,L1,0.003138410227185643,400,3.5748288208979053,3.570668683982096
1,63,63,1,sig,5000,1,0.0031722878319118655,True,0.0005,None,0.0063587269493467205,400,1.3380709667276387,1.366325740585033
1,94,94,1,ReLU,5000,1,0.007229758663266823,True,0.0005,L2,0.009652909604840235,400,1.7113836785689394,1.671809240671262
1,36,36,1,sig,5000,1,0.0022619801520500256,True,0.0005,None,0.009050152773338739,400,1.3133563705455868,1.3616250653303041
1,55,55,1,leaky ReLU,5000,1,0.00531424753064099,True,0.0005,None,0.005600298043298629,400,1.3032912580990192,1.3154065899473824
1,46,46,1,ReLU,5000,1,0.007482266957789356,True,0.0005,L2,0.009184059178328676,400,1.8763857344006807,1.3657070706645877
1,45,45,1,ReLU,5000,1,0.0014775034044027374,True,0.0005,None,0.004531673742049508,400,1.1483776767305247,1.3085577672386752
1,59,59,1,sig,5000,1,0.0015523920129075783,True,0.0005,L2,0.0010654045840922995,400,1.3680295810203842,1.4241644729037461
1,8,8,1,leaky ReLU,5000,1,0.005166956626188623,True,0.0005,L1,0.008325698642924274,400,1.332215855841784,1.2991810067109626
1,65,65,1,ReLU,5000,1,0.008596687041470142,True,0.0005,L2,0.004838461371576435,400,8.402573505188887,13.533072704364276
1,14,14,1,ReLU,5000,1,0.00907261268420408,True,0.0005,None,0.003851373671929461,400,14.645105972077364,13.92563898926006
1,32,32,1,leaky ReLU,5000,1,0.0022804790047483655,True,0.0005,L2,0.004670634809076694,400,1.1406684860483398,1.3458896522741695
1,25,25,1,sig,5000,1,0.003463477383766786,True,0.0005,None,0.0035620483422867588,400,1.283799137878106,1.3573744977175413
1,59,59,1,leaky ReLU,5000,1,0.0019480287449628326,True,0.0005,L1,0.00890594174506026,400,1.2552294316503423,1.4615821930566122
1,19,19,1,leaky ReLU,5000,1,0.0023972852869373366,True,0.0005,None,0.0011879417632897405,400,1.0582972384313147,1.2797227792197787
1,20,20,1,sig,5000,1,0.0040492991593913345,True,0.0005,L2,0.009449409282344359,400,1.5340517286558812,1.6363414652450174
1,97,97,1,leaky ReLU,5000,1,0.009565724615085064,True,0.0005,None,0.0033487364366688935,400,1.5346468013456915,1.3467211470129323
1,39,39,1,sig,5000,1,0.007695271232905225,True,0.0005,None,0.0072639101981869245,400,1.2800045656160117,1.3291351683048362
1,67,67,1,leaky ReLU,5000,1,0.003261969266284801,True,0.0005,L1,0.007909773035794581,400,1.3765024970674737,1.2862037189263877
1,58,58,1,ReLU,5000,1,0.00784069794978626,True,0.0005,L2,0.00213178497319176,400,3.050633204919106,2.556782842032379
1,68,68,1,sig,5000,1,0.003326456753825749,True,0.0005,None,0.0014782818580330883,400,1.2800436843750176,1.358315126609543
1,28,28,1,leaky ReLU,5000,1,0.004170992927491425,True,0.0005,None,0.0018184715015333959,400,1.0149705887599572,1.2429647340922094
1,88,88,1,ReLU,5000,1,0.005949156647961897,True,0.0005,L2,0.004312448895827763,400,1.1624354545968474,1.2968313861980718
1,23,23,1,sig,5000,1,0.002668461818846127,True,0.0005,None,0.008579736756716763,400,1.2751406293333205,1.3458320463726756
1,57,57,1,leaky ReLU,5000,1,0.001780349482547122,True,0.0005,L2,0.009197761324546763,400,1.1864446257448347,1.3595593236600894
1,37,37,1,sig,5000,1,0.0047372190463810405,True,0.0005,None,0.004894916316491161,400,1.3404736798276393,1.3645424757995113
1,14,14,1,sig,5000,1,0.006894138553748538,True,0.0005,L1,0.0010188843691317831,400,1.2758123957110767,1.3505376046358724
1,19,19,1,leaky ReLU,5000,1,0.009953279644565053,True,0.0005,L2,0.009653445461004696,400,3.559151736912586,2.9288555230615434
1,42,42,1,sig,5000,1,0.0022532488497226787,True,0.0005,L2,0.0010805507616217878,400,1.314674455452274,1.4290090789668244
1,97,97,1,ReLU,5000,1,0.0031286784811395472,True,0.0005,None,0.0014680588058372183,400,1.0032949596644443,1.298167239074829
1,86,86,1,sig,5000,1,0.00823274966730526,True,0.0005,None,0.0025272566345476716,400,1.2802485144259201,1.325644509200055
1,6,6,1,sig,5000,1,0.009703901734125695,True,0.0005,None,0.0033680424024629067,400,1.996500309712416,2.1890611448000694
1,84,84,1,ReLU,5000,1,0.00793791690831603,True,0.0005,L1,0.004233231118318946,400,1.9130762187943273,1.7410600114392327
1,88,88,1,sig,5000,1,0.0034244098588107324,True,0.0005,L2,0.00945600270936773,400,1.6871356369492918,1.8282144359911836
1,27,27,1,leaky ReLU,5000,1,0.007138405735228978,True,0.0005,L2,0.0036758446170902935,400,1.6510407193546839,1.577755521132959
1,37,37,1,sig,5000,1,0.004710509196934611,True,0.0005,L1,0.003847105207097982,400,2.3960587854776856,3.0246499665773268
1,42,42,1,ReLU,5000,1,0.005449465206652943,True,0.0005,L1,0.008249340015669007,400,1.4320239489284419,1.3207169938019911
1,59,59,1,ReLU,5000,1,0.007692403571788279,True,0.0005,None,0.007296562761882109,400,3.404896292203126,2.80239176287874
1,87,87,1,sig,5000,1,0.0028027349605234896,True,0.0005,None,0.002554782249173451,400,1.248155637837054,1.3597487309912824
1,70,70,1,leaky ReLU,5000,1,0.001444650882593075,True,0.0005,L2,0.008233806923427341,400,1.2270126610802148,1.3570842574148605
1,19,19,1,ReLU,5000,1,0.003469316520037704,True,0.0005,L2,0.0035921707915622736,400,1.0648405926550302,1.2814282960901116
1,18,18,1,leaky ReLU,5000,1,0.0019930893934893045,True,0.0005,L1,0.0013773168263827209,400,1.0530703853169001,1.2626968818529212
1,83,83,1,leaky ReLU,5000,1,0.0030612218670872603,True,0.0005,L1,0.00719036218433025,400,1.5714925793198073,1.4320351608372128
1,12,12,1,ReLU,5000,1,0.0078094172011261495,True,0.0005,L2,0.007978671299169859,400,7.732660226438239,6.048692607604538
1,28,28,1,leaky ReLU,5000,1,0.008039131878825309,True,0.0005,L1,0.004305753316399855,400,1.5399223537171682,1.449957928541909
1,92,92,1,ReLU,5000,1,0.007547230621269349,True,0.0005,L2,0.0026117352643306798,400,1.1850746215400547,1.3417369313694905
1,80,80,1,leaky ReLU,5000,1,0.00694899682262057,True,0.0005,L2,0.006507174039300836,400,1.3091093246022263,1.2847273101174461
1,35,35,1,sig,5000,1,0.00482494117205715,True,0.0005,L1,0.0034495775862030337,400,1.788456483975372,2.234809211473491
1,46,46,1,ReLU,5000,1,0.004352041248458522,True,0.0005,L2,0.005467153351965726,400,1.0235120479851503,1.2766476970708327
1,62,62,1,ReLU,5000,1,0.007393705038796083,True,0.0005,L2,0.002943088198557758,400,1.6480375281162754,1.7662227444256449
1,48,48,1,ReLU,5000,1,0.0010690219341802495,True,0.0005,L2,0.0034152194288509397,400,1.2059437243951872,1.309663305761961
1,92,92,1,leaky ReLU,5000,1,0.0034065455632794625,True,0.0005,L1,0.009417914037162217,400,1.5640016487181045,1.4586190402506996
1,51,51,1,ReLU,5000,1,0.0011617714845279124,True,0.0005,L1,0.00971428989129947,400,1.263757808365807,1.5114833776630596
1,65,65,1,sig,5000,1,0.00477273840753348,True,0.0005,None,0.00484698758568329,400,1.2968616624883273,1.3505478353250864
1,67,67,1,leaky ReLU,5000,1,0.005577630958215684,True,0.0005,None,0.0018098688427265,400,1.0445754814312185,1.2254777123167302
1,83,83,1,ReLU,5000,1,0.0023226756616302685,True,0.0005,L2,0.009837278701863874,400,1.2045822424505022,1.3472591456504848
1,49,49,1,sig,5000,1,0.00246776329649912,True,0.0005,L2,0.0037804896240609186,400,1.4026827413340965,1.530562783954423
1,79,79,1,leaky ReLU,5000,1,0.008095446680825714,True,0.0005,L2,0.004844755709693156,400,1.7277133817080634,1.4390702641147615
1,30,30,1,ReLU,5000,1,0.008290381930195892,True,0.0005,L1,0.004557364163615803,400,3.3279001539931405,3.615209302865848
1,13,13,1,leaky ReLU,5000,1,0.00662693524910384,True,0.0005,L2,0.00214070535593185,400,1.2073471784440475,1.2791392126991017
1,23,23,1,sig,5000,1,0.007830092664461474,True,0.0005,L1,0.009115978029562447,400,3.186772451320069,3.734205075943103
1,23,23,1,sig,5000,1,0.005671879568593491,True,0.0005,L2,0.007764494549497386,400,1.5138873811836298,1.567631001238358
1,38,38,1,leaky ReLU,5000,1,0.0057850169258552705,True,0.0005,None,0.005110236691733816,400,1.1523344446128676,1.3034779891138362
1,74,74,1,sig,5000,1,0.001184373842087551,True,0.0005,None,0.007638703146926993,400,1.3415693278372522,1.414018333780145
1,94,94,1,ReLU,5000,1,0.0043051017292081595,True,0.0005,L2,0.009246947734759443,400,1.1223628867928572,1.2985403150535597
1,50,50,1,ReLU,5000,1,0.007821074289130944,True,0.0005,L1,0.00988495259008407,400,2.483108342663461,1.754579100890361
1,40,40,1,ReLU,5000,1,0.005525602571894783,True,0.0005,None,0.003139639539177905,400,1.146974135792364,1.271457704104371
1,19,19,1,sig,5000,1,0.005704632664774749,True,0.0005,L2,0.004366204118165438,400,1.3988036478696106,1.4775124996144502
1,96,96,1,ReLU,5000,1,0.0035313119308802493,True,0.0005,None,0.0037344461211064723,400,0.9665765397813295,1.2539954560158777
1,43,43,1,leaky ReLU,5000,1,0.008477097211243987,True,0.0005,L2,0.004200516083276355,400,1.3434470591036063,1.3658236652125688
1,21,21,1,leaky ReLU,5000,1,0.009362840998308534,True,0.0005,None,0.005505649334254355,400,3.499983882310063,1.6968505244714196
1,79,79,1,ReLU,5000,1,0.0076144431862877554,True,0.0005,None,0.007095358388496671,400,2.620710126324018,1.687174296746667
1,56,56,1,leaky ReLU,5000,1,0.003523645889018858,True,0.0005,L2,0.0044037319608247584,400,1.0281347351550048,1.2878071125020258
1,23,23,1,leaky ReLU,5000,1,0.0031012862140967455,True,0.0005,None,0.008093865417900315,400,1.0258143732329574,1.2159955126671922
1,7,7,1,leaky ReLU,5000,1,0.007316135109052184,True,0.0005,L1,0.0022967086766497195,400,1.3046057923144307,1.537310141540426
1,42,42,1,ReLU,5000,1,0.007754057804591912,True,0.0005,None,0.009209331931408254,400,10.214987826035642,2.9856675286902474
1,26,26,1,leaky ReLU,5000,1,0.0038934381930877493,True,0.0005,None,0.009254638153794466,400,1.0077559096530149,1.2819854291516584
1,78,78,1,leaky ReLU,5000,1,0.005550180366331022,True,0.0005,None,0.006358558221147843,400,1.120683029311851,1.2575835995140667
1,48,48,1,sig,5000,1,0.004039419378956433,True,0.0005,None,0.0019251873414454007,400,1.2475453402367833,1.3659353210314564
1,51,51,1,leaky ReLU,5000,1,0.008678660142810875,True,0.0005,None,0.004348362914167317,400,1.251077496741439,1.346867837449702
1,17,17,1,sig,5000,1,0.002426414103833983,True,0.0005,None,0.0026828347237916055,400,1.2928010970957733,1.359368189341366
1,36,36,1,leaky ReLU,5000,1,0.0036315987971801984,True,0.0005,L2,0.002650678660249905,400,1.0172577740163213,1.2580794508708952
1,43,43,1,sig,5000,1,0.0020647609074387046,True,0.0005,None,0.006914297588814869,400,1.3013873187369118,1.3909336498668647
1,72,72,1,leaky ReLU,5000,1,0.004547442337507819,True,0.0005,None,0.0036300405221938014,400,1.1527591176561582,1.2559269961039734
1,39,39,1,sig,5000,1,0.002968530020740445,True,0.0005,L2,0.0020655231906335646,400,1.349034128683762,1.4488057852993041
1,38,38,1,leaky ReLU,5000,1,0.008282365198078236,True,0.0005,L2,0.007559506589165399,400,1.5113535954493689,1.4105086038774677
1,95,95,1,sig,5000,1,0.00299883320598529,True,0.0005,None,0.006688547784087195,400,1.2932129776648125,1.3686554004563198
1,13,13,1,leaky ReLU,5000,1,0.002042305846114453,True,0.0005,L2,0.002016571692424119,400,1.108146509648223,1.327974651847803
1,15,15,1,leaky ReLU,5000,1,0.0025277830188486844,True,0.0005,None,0.004638144136100988,400,1.214866127999682,1.3863302876027186
1,51,51,1,leaky ReLU,5000,1,0.0038926641160677666,True,0.0005,L2,0.009550612090594966,400,1.099411202700139,1.2632276028375298
1,22,22,1,sig,5000,1,0.004044334061380493,True,0.0005,L2,0.002472568618911356,400,1.3551849832924725,1.4449390953646082
1,99,99,1,sig,5000,1,0.006411665357021679,True,0.0005,L1,0.00934092357062365,400,3.623933025531711,3.5837564506096244
1,84,84,1,leaky ReLU,5000,1,0.0022837421712096533,True,0.0005,L2,0.007748765033498992,400,1.140870318423114,1.352740377837915
1,43,43,1,leaky ReLU,5000,1,0.00718442672762526,True,0.0005,None,0.00921694741868996,400,1.6692825890459861,1.6927553840406269
1,40,40,1,sig,5000,1,0.008154170018118703,True,0.0005,L2,0.005467227181069052,400,1.4600477203454532,1.5073912851034874
1,82,82,1,ReLU,5000,1,0.005729254048786656,True,0.0005,L1,0.008800367877110384,400,1.709978277862086,1.4463702870060717
1,56,56,1,leaky ReLU,5000,1,0.006565706638568789,True,0.0005,None,0.0022576636366968324,400,1.6321201575132376,1.7089098612234492
1,38,38,1,ReLU,5000,1,0.006524930096815491,True,0.0005,L2,0.005112894028876511,400,1.3724492382357707,1.374105407262069
1,94,94,1,sig,5000,1,0.005261899673223122,True,0.0005,None,0.004442983353555828,400,1.2725843179883336,1.336273817619993
1,17,17,1,ReLU,5000,1,0.007346110792351941,True,0.0005,None,0.003947517883695958,400,13.981280905847521,10.918399887453393
1,16,16,1,leaky ReLU,5000,1,0.008318522741805699,True,0.0005,L2,0.0053213345610657395,400,1.8110504747592924,2.000119955332835
1,30,30,1,leaky ReLU,5000,1,0.0010858277240509097,True,0.0005,L1,0.008594616399974692,400,1.1516743367185887,1.338754674862847
1,24,24,1,leaky ReLU,5000,1,0.005886538688227857,True,0.0005,L2,0.0021570852555666516,400,1.2405509077422723,1.2714723129760859
1,24,24,1,sig,5000,1,0.0064355096753746744,True,0.0005,L2,0.009127871186411701,400,1.5551915789319979,1.6113183834727038
1,26,26,1,sig,5000,1,0.004661365631509691,True,0.0005,L1,0.008932519390357021,400,3.621431288136676,3.603669439383366
1,84,84,1,leaky ReLU,5000,1,0.001474906946798756,True,0.0005,L2,0.0029253617104144057,400,1.1374094614290977,1.3162991910309418
1,97,97,1,sig,5000,1,0.005218752796189233,True,0.0005,L2,0.001265995325134945,400,1.2942859760831866,1.3933598094904656
1,65,65,1,sig,5000,1,0.0019359716344740938,True,0.0005,L1,0.008672109826884798,400,3.567662199256451,3.578186928998059
1,97,97,1,sig,5000,1,0.001962206814043502,True,0.0005,None,0.004128007686243907,400,1.3425545362286735,1.3855415954695893
1,13,13,1,leaky ReLU,5000,1,0.008804509390481413,True,0.0005,L1,0.009858990509378125,400,1.8500067038172716,1.4843959527196806
1,28,28,1,sig,5000,1,0.006643701427374838,True,0.0005,L2,0.00492266778565716,400,1.441226842724731,1.5018035406660928
1,48,48,1,sig,5000,1,0.005559831587607741,True,0.0005,L2,0.008194057631159598,400,1.5731991321706047,1.6675015813939136
1,94,94,1,sig,5000,1,0.0024839179352626013,True,0.0005,L1,0.004598788854718046,400,3.1158585476175555,2.8902055936529023
1,13,13,1,ReLU,5000,1,0.009718378940013456,True,0.0005,L1,0.005483614412881334,400,10.961749767678473,11.822860241606083
1,89,89,1,ReLU,5000,1,0.00888350227133032,True,0.0005,None,0.004390778566568991,400,6.31629878746242,4.78800702495551
1,94,94,1,leaky ReLU,5000,1,0.005359246510887902,True,0.0005,None,0.006909510200945036,400,1.1035795209822852,1.2448323210548762
1,36,36,1,leaky ReLU,5000,1,0.006874555273921367,True,0.0005,L1,0.007970928075990175,400,1.4695685903059081,1.2539045231457941
1,99,99,1,leaky ReLU,5000,1,0.008942107436858485,True,0.0005,None,0.0031328541826014275,400,1.7431084080329484,1.3619184670771955
1,99,99,1,ReLU,5000,1,0.007239248119424561,True,0.0005,L2,0.005785321526376357,400,7.2072711520628445,6.479354021949807
1,86,86,1,ReLU,5000,1,0.007478771673035693,True,0.0005,L1,0.002387944031132646,400,1.788743269795203,1.657913755600249
1,64,64,1,ReLU,5000,1,0.0026689775832018734,True,0.0005,None,0.008997147595485786,400,1.0248549578585837,1.3230397527807627
1,53,53,1,sig,5000,1,0.006285360332785126,True,0.0005,None,0.003719603260710173,400,1.2707259069419743,1.3232391911955996
1,98,98,1,leaky ReLU,5000,1,0.00784750441048759,True,0.0005,L1,0.00733946677331344,400,1.7378913082299443,1.5906097316693506
1,74,74,1,ReLU,5000,1,0.004699605474611956,True,0.0005,L1,0.008980975707157526,400,1.4810486702597911,1.2535497711308827
1,11,11,1,sig,5000,1,0.0023119278966157383,True,0.0005,L1,0.00553509122772711,400,1.4313286621502619,1.380255641406908
1,79,79,1,ReLU,5000,1,0.0012419175049378263,True,0.0005,L1,0.00874854276122804,400,1.4105638628958117,1.6655143238936354
1,67,67,1,ReLU,5000,1,0.0015346598748058604,True,0.0005,L2,0.009299621767411517,400,1.1864927692328109,1.3528618524391662
1,79,79,1,ReLU,5000,1,0.001196169821151977,True,0.0005,L1,0.0046676806891710505,400,1.100158739383208,1.3028915432492385
1,5,5,1,ReLU,5000,1,0.004040258013734216,True,0.0005,L2,0.008889847870948753,400,11.815436264574048,13.518338555449853
1,41,41,1,sig,5000,1,0.009870355944255945,True,0.0005,L2,0.008815991259457385,400,1.5764051203025513,1.619693761091066
1,100,100,1,sig,5000,1,0.006923417218622196,True,0.0005,L1,0.008474959999886894,400,3.6232233540375987,3.5896692785021536
1,16,16,1,sig,5000,1,0.008262206880839937,True,0.0005,L2,0.002627683562860701,400,1.4058567457430966,1.4260255915795306
1,7,7,1,leaky ReLU,5000,1,0.005730535901274636,True,0.0005,L2,0.006585387853644325,400,1.2912595935489755,1.3250448337049763
1,79,79,1,leaky ReLU,5000,1,0.009143813642152051,True,0.0005,L2,0.0036547763545378,400,2.4978860229504516,2.22448591666114
1,54,54,1,sig,5000,1,0.009986524948220894,True,0.0005,L1,0.008055570927789866,400,3.6353828063829705,3.569182741812808
1,25,25,1,leaky ReLU,5000,1,0.0011203961032493343,True,0.0005,L2,0.009022478842428776,400,1.216972304956037,1.3405144318778783
1,67,67,1,ReLU,5000,1,0.002488542459168015,True,0.0005,L2,0.00487239201171024,400,1.0786576928176277,1.3468384546294472
1,67,67,1,sig,5000,1,0.0085101404853624,True,0.0005,None,0.004329162027109635,400,1.1604695057319465,1.2869610356183487
1,51,51,1,sig,5000,1,0.0046381086168365265,True,0.0005,None,0.002835203893007291,400,1.2944199249176371,1.3661289827947818
1,72,72,1,leaky ReLU,5000,1,0.007227013531588953,True,0.0005,L2,0.0018549087178958744,400,1.6473208483417443,1.7296731673174581
1,64,64,1,sig,5000,1,0.00475921549861393,True,0.0005,L2,0.008612297941687653,400,1.6195633766442934,1.7159611579577696
1,46,46,1,sig,5000,1,0.004232555187922082,True,0.0005,L2,0.002281863284813233,400,1.3664468733087272,1.4454302066321234
1,7,7,1,sig,5000,1,0.005374507853834947,True,0.0005,L1,0.008201008710794622,400,2.763475577347408,2.212345159910347
1,87,87,1,sig,5000,1,0.004066477809307724,True,0.0005,L1,0.0030709570128229146,400,3.5836095822188576,3.573515938929317
1,77,77,1,sig,5000,1,0.004426093846156888,True,0.0005,L2,0.006338718360011969,400,1.5248349051775234,1.6376970985285764
1,47,47,1,leaky ReLU,5000,1,0.002925202219420349,True,0.0005,None,0.008081592547431545,400,1.0102928259988653,1.3126047674025358
1,88,88,1,ReLU,5000,1,0.006069195563827787,True,0.0005,L2,0.00454299722268846,400,1.1762566388708304,1.2935542268448745
1,42,42,1,ReLU,5000,1,0.007501204249816986,True,0.0005,None,0.0038537472580888027,400,2.4139176520140255,1.6970966759275394
1,82,82,1,sig,5000,1,0.007784254047029158,True,0.0005,L2,0.005718772688964903,400,1.4912237856797235,1.5724017823426668
1,36,36,1,leaky ReLU,5000,1,0.007666675347245212,True,0.0005,L2,0.002093259238962408,400,1.6028202439700672,1.4194366205764795
1,80,80,1,sig,5000,1,0.0014093260230217562,True,0.0005,L2,0.002288194374376361,400,1.3859295703298167,1.4911596598493695
1,43,43,1,leaky ReLU,5000,1,0.004000457634759572,True,0.0005,L1,0.009847474439843438,400,1.4369310312541879,1.3337820945555179
1,64,64,1,leaky ReLU,5000,1,0.005074232933288289,True,0.0005,None,0.006201413688942293,400,1.2451998351892433,1.2923157894033601
1,30,30,1,leaky ReLU,5000,1,0.0072928393349168535,True,0.0005,L2,0.004836561076495577,400,1.697513100697146,1.716583690342903
1,87,87,1,sig,5000,1,0.007443696719300916,True,0.0005,None,0.003978232729266036,400,1.140218422023184,1.290138970112628
1,53,53,1,leaky ReLU,5000,1,0.0027544256743760693,True,0.0005,L1,0.002005480605474577,400,1.0639068016818918,1.2312397621440923
1,89,89,1,ReLU,5000,1,0.0022617082289244925,True,0.0005,None,0.0014065790765368747,400,0.9535540081051421,1.2603948640482483
1,6,6,1,leaky ReLU,5000,1,0.0054962076830519565,True,0.0005,None,0.007399229863543551,400,1.1616849431610419,1.2532848270904644
1,88,88,1,ReLU,5000,1,0.009990780253716958,True,0.0005,L2,0.007222225294479378,400,3.227224959025456,3.1940644649894763
1,14,14,1,leaky ReLU,5000,1,0.006598590106706079,True,0.0005,L2,0.0047579575618823386,400,1.7564599189730368,1.6836889298325233
1,66,66,1,leaky ReLU,5000,1,0.009407654188508766,True,0.0005,L2,0.004309050421903989,400,1.9122781097739594,1.3933708087170915
1,36,36,1,sig,5000,1,0.006863629401581572,True,0.0005,L2,0.006414322760909907,400,1.4876178279918233,1.5658799022906846
1,81,81,1,sig,5000,1,0.0022629416392536536,True,0.0005,L2,0.0014885674938650917,400,1.362373050447615,1.4391882890508412
1,72,72,1,leaky ReLU,5000,1,0.00863608272484429,True,0.0005,L2,0.004055953351921565,400,1.7785084669714335,1.8472136080125987
1,77,77,1,ReLU,5000,1,0.004424787279672854,True,0.0005,L1,0.008023639942123545,400,1.4266318897644243,1.3179782594520641
1,70,70,1,sig,5000,1,0.004723050805112804,True,0.0005,None,0.008521722149956817,400,1.2945386355427595,1.3698194966872743
1,93,93,1,ReLU,5000,1,0.008923659384335546,True,0.0005,None,0.0041598936243015285,400,3.2570811490222322,5.124759004864715
1,75,75,1,leaky ReLU,5000,1,0.009868195723000257,True,0.0005,L2,0.007397726782279073,400,1.7893269879453582,1.4253752192642422
1,36,36,1,ReLU,5000,1,0.008849095481845103,True,0.0005,None,0.006512815450570258,400,7.35812376214584,4.754833005745425
1,94,94,1,sig,5000,1,0.005269831704753537,True,0.0005,None,0.006269722007208362,400,1.285303808341243,1.3298831132876865
1,58,58,1,sig,5000,1,0.005537270453024779,True,0.0005,None,0.009589438052583447,400,1.219222113350642,1.3429085793439908
1,73,73,1,ReLU,5000,1,0.005117855946396808,True,0.0005,L1,0.008281037909544212,400,1.5563388418729631,1.2913688707368605
1,29,29,1,leaky ReLU,5000,1,0.006922981823498788,True,0.0005,L1,0.009567420477835167,400,1.9061330482044907,1.435359319857608
1,25,25,1,leaky ReLU,5000,1,0.004241700540308211,True,0.0005,None,0.008222448522152707,400,0.9864261131267836,1.2795333015609032
1,33,33,1,leaky ReLU,5000,1,0.0068350326915602435,True,0.0005,None,0.005511321432134046,400,1.653526813874094,1.6221274499099587
1,53,53,1,ReLU,5000,1,0.00159201023143976,True,0.0005,L1,0.00494595493760791,400,1.04825707582867,1.2551318505226532
1,92,92,1,ReLU,5000,1,0.006858123552580589,True,0.0005,None,0.0035679541575041377,400,1.1375973915224364,1.2888002949945307
1,51,51,1,ReLU,5000,1,0.003220723099623974,True,0.0005,L2,0.0075017319445978515,400,1.1398680962769743,1.2756218417390377
1,37,37,1,ReLU,5000,1,0.008275593269896884,True,0.0005,L2,0.004441178576346936,400,10.284108214580918,10.29215821557331
1,31,31,1,leaky ReLU,5000,1,0.007784877652643006,True,0.0005,L2,0.001647659581135877,400,2.0409070275801966,1.594598660522888
1,88,88,1,leaky ReLU,5000,1,0.001134672821919435,True,0.0005,None,0.005732830966385535,400,1.190170485899386,1.2936534235229722
1,34,34,1,ReLU,5000,1,0.006955325508953876,True,0.0005,L2,0.00560293910433042,400,7.013967930353363,5.972070530140228
1,44,44,1,ReLU,5000,1,0.0037274430949230395,True,0.0005,L1,0.005380030276799398,400,1.246780911146145,1.243245217664504
1,47,47,1,sig,5000,1,0.004239958229757618,True,0.0005,L2,0.008228192596991982,400,1.5585513136382996,1.6777300111965405
1,45,45,1,ReLU,5000,1,0.002832864867614469,True,0.0005,None,0.0011874376502676793,400,1.0728083024452129,1.2745905535244253
1,35,35,1,sig,5000,1,0.0054041542950794075,True,0.0005,L1,0.007726771748265926,400,3.607307249328662,3.583239607362673
1,38,38,1,sig,5000,1,0.009344557693646147,True,0.0005,L1,0.00916558586003955,400,3.6751753323694394,3.577636111517105
1,32,32,1,leaky ReLU,5000,1,0.002896548041834585,True,0.0005,L2,0.006721146744195234,400,1.0741116418699155,1.2480118992926381
1,79,79,1,ReLU,5000,1,0.0017826294378855655,True,0.0005,L2,0.004320754064661231,400,1.1241584443335597,1.3036157746280437
1,73,73,1,sig,5000,1,0.003247811502213247,True,0.0005,L1,0.009142897924798714,400,3.5881187605587774,3.5789732635102034
1,16,16,1,sig,5000,1,0.0015893925609077103,True,0.0005,None,0.007509162991151991,400,1.3312165468345947,1.3736767119705813
1,38,38,1,sig,5000,1,0.005464230769240282,True,0.0005,L1,0.008970214254654198,400,3.5988468291290183,3.5787218383885113
1,78,78,1,ReLU,5000,1,0.001541867391223514,True,0.0005,None,0.002711996489795053,400,1.1438410937589738,1.3240560743339103
1,14,14,1,ReLU,5000,1,0.00216724176663838,True,0.0005,L1,0.007228546699565767,400,1.1412437597893192,1.2581293847338324
1,97,97,1,leaky ReLU,5000,1,0.004485368122688325,True,0.0005,L1,0.007401981445357333,400,1.5026776811109677,1.4254426466128345
1,19,19,1,ReLU,5000,1,0.00896228532563988,True,0.0005,None,0.006487398802066531,400,4.828198089241993,7.616402036215028
1,18,18,1,sig,5000,1,0.009549745465172621,True,0.0005,L2,0.002261813240629771,400,1.402717779769173,1.4120778112060381
1,86,86,1,leaky ReLU,5000,1,0.003349821102288515,True,0.0005,None,0.0033221390903934514,400,0.9553105375925652,1.2769593706123326
1,18,18,1,leaky ReLU,5000,1,0.0051383051253444025,True,0.0005,None,0.0032816128277091345,400,1.1594066545279103,1.265585703747285
1,72,72,1,leaky ReLU,5000,1,0.007392186083764319,True,0.0005,None,0.003070303547373137,400,1.7889332802910034,1.5870811129484967
1,71,71,1,sig,5000,1,0.0036105965241567165,True,0.0005,L2,0.0028257039092697083,400,1.3989939669603828,1.4816825350411604
1,17,17,1,sig,5000,1,0.007917423682939358,True,0.0005,L1,0.008088515215901721,400,3.4000711266337387,3.094539525323392
1,56,56,1,sig,5000,1,0.002220078921987418,True,0.0005,L1,0.007955698355663331,400,3.065054282367621,3.061959762740666
1,90,90,1,ReLU,5000,1,0.00708109729243213,True,0.0005,L1,0.0021334022060794213,400,2.5915400758617944,1.7046609152867478
1,40,40,1,sig,5000,1,0.005047591745315101,True,0.0005,L2,0.002764021735353217,400,1.37031349786979,1.4500489284076477
1,94,94,1,ReLU,5000,1,0.004876950060323126,True,0.0005,L2,0.006795273101144571,400,1.1385945930207022,1.2709707691049486
1,22,22,1,ReLU,5000,1,0.002801197867775259,True,0.0005,L1,0.009948910455047689,400,1.1878298347307616,1.1876843811251059
1,14,14,1,ReLU,5000,1,0.002913488763449699,True,0.0005,L1,0.009485339823891884,400,1.1999628195712186,1.2348150917740814
1,60,60,1,ReLU,5000,1,0.0014892974488982154,True,0.0005,L1,0.004602216352532562,400,1.1349601431743823,1.3288185829528318
1,91,91,1,sig,5000,1,0.0037511458118862093,True,0.0005,L2,0.009529401338985149,400,1.685076813742274,1.817588094123345
1,71,71,1,leaky ReLU,5000,1,0.0035154987705604767,True,0.0005,L2,0.009362048561799542,400,1.13366047774774,1.275772227510568
1,30,30,1,ReLU,5000,1,0.007876676415951484,True,0.0005,L1,0.0024631908979867454,400,2.5731363909382443,2.6662848082677266
1,13,13,1,sig,5000,1,0.0028040629432473955,True,0.0005,L2,0.004803603937974895,400,1.41306904342489,1.5214059780457347
1,77,77,1,sig,5000,1,0.004407435868587313,True,0.0005,None,0.0031428551830507594,400,1.2457004088969503,1.3350521041351917
1,44,44,1,sig,5000,1,0.005521082555151033,True,0.0005,None,0.0011669751996523565,400,1.2955317488632692,1.342810371825026
1,56,56,1,ReLU,5000,1,0.0027219145723106058,True,0.0005,L1,0.007560338823243074,400,1.2230489809944716,1.3407013877906175
1,18,18,1,ReLU,5000,1,0.009056886591587394,True,0.0005,L2,0.008581237558820013,400,3.8543563786207193,3.4272304427820517
1,45,45,1,ReLU,5000,1,0.0038828750060162544,True,0.0005,L1,0.0019948922223896604,400,1.0652312059872124,1.333597738253825
1,65,65,1,leaky ReLU,5000,1,0.006824564085140542,True,0.0005,None,0.00739640786673954,400,1.5857551909098253,1.523656898691689
1,54,54,1,leaky ReLU,5000,1,0.004974933467418601,True,0.0005,None,0.006031927572150671,400,1.0107985150237706,1.1993719767538162
1,34,34,1,leaky ReLU,5000,1,0.007374795639187749,True,0.0005,L2,0.002048967465875991,400,1.3512328753255562,1.308573932646686
1,95,95,1,sig,5000,1,0.007285187670608182,True,0.0005,L2,0.005842728219271592,400,1.4992383700192418,1.5970900198317426
1,11,11,1,ReLU,5000,1,0.003889838943669107,True,0.0005,L1,0.0016364076503243786,400,1.2942269786200247,1.4809452079736594
1,25,25,1,sig,5000,1,0.006386066759685647,True,0.0005,L2,0.009506492351032608,400,1.5556868525190133,1.6208660870005702
1,31,31,1,leaky ReLU,5000,1,0.00933523930892632,True,0.0005,L1,0.008263453273782218,400,4.559975560741946,2.227298474726955
1,90,90,1,ReLU,5000,1,0.009845360880572425,True,0.0005,L1,0.008296567279073932,400,4.60813201956958,3.9243907186715274
1,16,16,1,leaky ReLU,5000,1,0.00986450708337568,True,0.0005,L2,0.005319963021786971,400,2.463991536349049,2.4368031391017766
1,44,44,1,ReLU,5000,1,0.004086431490662755,True,0.0005,None,0.006926284514873729,400,1.0287142487517604,1.3005280269557393
1,93,93,1,leaky ReLU,5000,1,0.003276327693107299,True,0.0005,L1,0.001731163771892802,400,1.1007664354611257,1.3295055643203235
1,24,24,1,leaky ReLU,5000,1,0.0059330414891032544,True,0.0005,L2,0.008979415426095837,400,1.248776693309418,1.3331824746395202
1,13,13,1,sig,5000,1,0.008735308741310371,True,0.0005,None,0.008686106259415759,400,1.420228747222224,1.4227143006477634
1,95,95,1,leaky ReLU,5000,1,0.004651557429414196,True,0.0005,L2,0.001209195687038199,400,1.0188866165957648,1.1910830815341984
1,62,62,1,ReLU,5000,1,0.004930729679736853,True,0.0005,None,0.0029804227761189854,400,1.199774329390355,1.266744132222627
1,83,83,1,sig,5000,1,0.006292516557256964,True,0.0005,L1,0.005922255307417302,400,3.607767944272691,3.587326026846443
1,76,76,1,sig,5000,1,0.00992693989503532,True,0.0005,L2,0.009200710639351451,400,1.628088316988019,1.6913066789565008
1,78,78,1,leaky ReLU,5000,1,0.0038928303294702283,True,0.0005,L2,0.008627112839464567,400,1.1025095570445196,1.2637483472694977
1,45,45,1,ReLU,5000,1,0.006180183058852962,True,0.0005,L1,0.006446292719024507,400,1.4373950768690538,1.2729558333787665
1,73,73,1,sig,5000,1,0.005958456023492809,True,0.0005,L2,0.0014679459715129521,400,1.3329181298522756,1.4045875170155158
1,70,70,1,ReLU,5000,1,0.005054591472482452,True,0.0005,L1,0.0021096287189670206,400,1.2759818846856594,1.2341307015121088
1,73,73,1,leaky ReLU,5000,1,0.0021745531242166405,True,0.0005,L2,0.009796263129944412,400,1.261131283116365,1.4347626167474758
1,52,52,1,leaky ReLU,5000,1,0.0012066619439509412,True,0.0005,L1,0.007287786130638526,400,1.2198769995383532,1.4582547078404482
1,11,11,1,ReLU,5000,1,0.00230734026619439,True,0.0005,None,0.005189548773946929,400,1.2681565089026883,1.4924141081823175
1,6,6,1,sig,5000,1,0.00232262728058008,True,0.0005,None,0.008025344763051476,400,2.5564442089203703,2.251945547436307
1,36,36,1,leaky ReLU,5000,1,0.0019187267792187788,True,0.0005,L1,0.005444847422342515,400,1.1930141522430115,1.402753624074406
1,39,39,1,ReLU,5000,1,0.007984526284668525,True,0.0005,None,0.0041475149400903594,400,10.828949042837138,7.056289484162091
1,90,90,1,ReLU,5000,1,0.008442716935860243,True,0.0005,L2,0.0030872876106167253,400,2.699490817140114,3.6218401627031547
1,34,34,1,leaky ReLU,5000,1,0.005133485474559332,True,0.0005,L1,0.007058761219356326,400,1.3780919899205237,1.2332685177307663
1,90,90,1,sig,5000,1,0.005730302679665089,True,0.0005,L1,0.004454873086361478,400,3.5800032630232357,3.567671341243655
1,35,35,1,ReLU,5000,1,0.008994461144274619,True,0.0005,L1,0.008492402432376957,400,4.53274661472379,3.224842853448513
1,66,66,1,leaky ReLU,5000,1,0.00781210258733533,True,0.0005,L2,0.008506400030572035,400,4.388357458400271,2.9444693253133214
1,76,76,1,ReLU,5000,1,0.0077990174167895275,True,0.0005,L1,0.003296740576426689,400,1.4255637546175284,1.4055603314348974
1,98,98,1,ReLU,5000,1,0.003906365231804406,True,0.0005,L2,0.007956855735389458,400,1.090188019457472,1.2797752841637793
1,71,71,1,ReLU,5000,1,0.009912165456669727,True,0.0005,L1,0.007212040799349523,400,4.660341879597434,3.1272877915434854
1,26,26,1,sig,5000,1,0.008783511789460102,True,0.0005,None,0.002276601674654358,400,1.2695212869259531,1.3378883637910226
1,23,23,1,ReLU,5000,1,0.004346008807600843,True,0.0005,None,0.004346122063108188,400,0.9788033390851534,1.256919232492369
1,86,86,1,leaky ReLU,5000,1,0.004969710105186069,True,0.0005,L1,0.0021517723143123554,400,1.2482093884180478,1.2726343521881576
1,32,32,1,leaky ReLU,5000,1,0.002622557024051309,True,0.0005,None,0.0023412987727314625,400,1.0902043309505682,1.3445261194944276
1,18,18,1,leaky ReLU,5000,1,0.00304114494933837,True,0.0005,L1,0.0047147293574225525,400,1.2093087165901668,1.18033780152144
1,72,72,1,leaky ReLU,5000,1,0.004192706466319928,True,0.0005,L2,0.009450339223833582,400,1.1433724791446471,1.2850472677477383
1,36,36,1,leaky ReLU,5000,1,0.0012485116120543945,True,0.0005,L1,0.006980517929603586,400,1.106399020927109,1.275057959677419
1,35,35,1,leaky ReLU,5000,1,0.008370527432228572,True,0.0005,None,0.004867202143526151,400,1.6481584315524855,1.2120519997678119
1,11,11,1,leaky ReLU,5000,1,0.006757876815381626,True,0.0005,L2,0.009643385345565674,400,1.8205904430804343,1.7193009254129192
1,92,92,1,sig,5000,1,0.005381720889694322,True,0.0005,L1,0.007675389149188147,400,3.602957462278645,3.581331251168308
1,24,24,1,sig,5000,1,0.002692323336325444,True,0.0005,L1,0.00524864764159261,400,1.4715219261346606,1.4750282582132626
1,70,70,1,ReLU,5000,1,0.0017654626846437642,True,0.0005,L2,0.0041810798141620215,400,1.1605329177599375,1.357735018686185
1,49,49,1,sig,5000,1,0.004397390303897348,True,0.0005,L1,0.0014593350656356727,400,1.2891400515974283,1.4631059931922503
1,48,48,1,leaky ReLU,5000,1,0.002797672216567729,True,0.0005,L1,0.00864204616424122,400,1.2542110279780805,1.3089656438276438
1,46,46,1,ReLU,5000,1,0.003746754399801763,True,0.0005,L2,0.007612343893895532,400,1.197452057763413,1.3776585632505016
1,12,12,1,leaky ReLU,5000,1,0.00735604194836679,True,0.0005,L1,0.005023660762415736,400,1.2661711878685458,1.3951828238698636
1,87,87,1,leaky ReLU,5000,1,0.005449936271847162,True,0.0005,L1,0.0051826471098080674,400,1.3672696770605153,1.3078264415177407
1,91,91,1,ReLU,5000,1,0.006343239368491381,True,0.0005,L1,0.0075099130246832155,400,1.5393060921323118,1.367151408107073
1,50,50,1,sig,5000,1,0.008965413730929992,True,0.0005,None,0.005365521479593194,400,1.2491088091028917,1.2768319503752796
1,53,53,1,sig,5000,1,0.005835231369518906,True,0.0005,L1,0.007497408819356135,400,3.6119715850922622,3.589217723800491
1,70,70,1,ReLU,5000,1,0.008738928476992126,True,0.0005,L1,0.0027578096699729087,400,2.973491121423077,3.085112257889845
1,17,17,1,leaky ReLU,5000,1,0.008163516314509008,True,0.0005,L2,0.003471869055821289,400,1.5279127260376317,1.4403891678488463
1,56,56,1,leaky ReLU,5000,1,0.009096049661953508,True,0.0005,L1,0.0012612351947517667,400,1.6618220638570491,1.5089917243058266
1,96,96,1,ReLU,5000,1,0.008025233060928796,True,0.0005,L2,0.009287460386805245,400,2.4013462303967756,2.4255905707665972
1,95,95,1,leaky ReLU,5000,1,0.008259746461746105,True,0.0005,None,0.0023399085859593625,400,1.0995012281705547,1.3421071629918828
1,50,50,1,leaky ReLU,5000,1,0.0050383037735090026,True,0.0005,L2,0.005175343011989688,400,1.1384848486259065,1.2835667091804583
1,84,84,1,sig,5000,1,0.009145538850734023,True,0.0005,L1,0.0035736223167829855,400,3.5985998740793894,3.565626900717353
1,59,59,1,leaky ReLU,5000,1,0.005262756862753952,True,0.0005,L1,0.00392156697389899,400,1.28020491435187,1.3303754703211776
1,92,92,1,sig,5000,1,0.0037385422152304117,True,0.0005,L2,0.00962322553056465,400,1.697428801001084,1.8288064391808732
1,73,73,1,ReLU,5000,1,0.0048320645481771275,True,0.0005,L2,0.009567776986582174,400,1.2952695104821284,1.402848600012654
1,92,92,1,ReLU,5000,1,0.004635822074868206,True,0.0005,L1,0.001837485462520313,400,1.104976012614106,1.2576827035397034
1,16,16,1,sig,5000,1,0.0024975570720586864,True,0.0005,L2,0.007088088151065187,400,1.4517555711971282,1.5834870282447142
1,11,11,1,sig,5000,1,0.005977100714787402,True,0.0005,L1,0.0020173997949241894,400,2.57263787715756,2.250228491499456
1,17,17,1,sig,5000,1,0.005861417638159526,True,0.0005,L2,0.001570633813740258,400,1.3607846225076496,1.3942181898950925
1,92,92,1,sig,5000,1,0.008654333387259204,True,0.0005,L2,0.0046956742666070745,400,1.459381264640943,1.5221341748363004
1,55,55,1,sig,5000,1,0.007378033877280827,True,0.0005,None,0.0038386228910661352,400,1.2312733326001721,1.3215147064099693
1,76,76,1,leaky ReLU,5000,1,0.008882248523151094,True,0.0005,L2,0.0069398505749972824,400,1.9134848301234744,1.9341771646006563
1,51,51,1,sig,5000,1,0.002237959603051856,True,0.0005,L2,0.003438142017458649,400,1.397789377963314,1.5227920810255204
1,51,51,1,sig,5000,1,0.00905959154230812,True,0.0005,None,0.0010029188316056069,400,1.1384552543121664,1.3001230972821682
1,77,77,1,sig,5000,1,0.0035336536210555645,True,0.0005,None,0.0066311397377854814,400,1.318543181471515,1.3746805965467066
1,58,58,1,sig,5000,1,0.003974584644364456,True,0.0005,L2,0.0012558183002522227,400,1.3342180088853581,1.3953501482424635
1,85,85,1,ReLU,5000,1,0.00790848836125147,True,0.0005,None,0.0037027730284726877,400,2.477045873500028,2.5190880099299537
1,33,33,1,ReLU,5000,1,0.0013807789451509434,True,0.0005,L1,0.001095369518257033,400,1.081578539558004,1.2720631616511913
1,83,83,1,leaky ReLU,5000,1,0.008455795766223753,True,0.0005,None,0.002759176275691208,400,1.429045630940394,1.3294145464908345
1,40,40,1,sig,5000,1,0.0015792505055629434,True,0.0005,L1,0.00155539461285309,400,1.3270392331244425,1.3836185538148165
1,12,12,1,ReLU,5000,1,0.006883124468180415,True,0.0005,L2,0.009707208525695378,400,12.16579937074831,12.28122355202141
1,100,100,1,ReLU,5000,1,0.006747131874139777,True,0.0005,L2,0.003921528489441058,400,1.1446027104253986,1.2822982323411947
1,98,98,1,leaky ReLU,5000,1,0.0018569902797511372,True,0.0005,L2,0.002126763401659827,400,1.1113395576329461,1.3395304900510436
1,16,16,1,sig,5000,1,0.0023846811649658557,True,0.0005,L2,0.0055635537274119,400,1.434470832848123,1.55629394985783
1,99,99,1,ReLU,5000,1,0.008899404807004522,True,0.0005,L1,0.0026227926800592226,400,2.8946981261058533,2.1213401429189656
1,41,41,1,leaky ReLU,5000,1,0.003662782006924748,True,0.0005,L1,0.007877751998875988,400,1.1967564459287288,1.3743345237679496
1,95,95,1,ReLU,5000,1,0.004941328822772311,True,0.0005,None,0.009349331674111908,400,0.9921482131333232,1.2400593441437335
1,50,50,1,ReLU,5000,1,0.002600843977165337,True,0.0005,None,0.0023224279958627986,400,1.0249212191405404,1.2350538336760948
1,24,24,1,sig,5000,1,0.009378585565311681,True,0.0005,None,0.005058153245734689,400,1.1889085788848743,1.3577199345965372
1,23,23,1,ReLU,5000,1,0.005155727045911067,True,0.0005,L2,0.003129155981910372,400,1.288154413659306,1.3478761086930109
1,85,85,1,leaky ReLU,5000,1,0.0071774240355824874,True,0.0005,None,0.0036805145136642463,400,1.63127030697187,1.4932613295023807
1,52,52,1,sig,5000,1,0.006160255895947225,True,0.0005,L2,0.003016703029749402,400,1.3736550310369215,1.450045597972622
1,68,68,1,ReLU,5000,1,0.006669240703481582,True,0.0005,None,0.004930054243403167,400,1.241932260221695,1.3161053689051851
1,71,71,1,leaky ReLU,5000,1,0.0031558899693478804,True,0.0005,L2,0.009027879051409376,400,1.1506988314099162,1.3002467004335283
1,70,70,1,leaky ReLU,5000,1,0.007924779971164718,True,0.0005,None,0.0018566651538128043,400,1.6832693384356165,1.6124703436228582
1,63,63,1,ReLU,5000,1,0.0020571906364948065,True,0.0005,L2,0.0013111067431493656,400,1.1415234022126182,1.3358999863550998
1,77,77,1,sig,5000,1,0.0018702324174752548,True,0.0005,L2,0.008707093430408496,400,2.0286841067722317,1.9070540064414843
1,81,81,1,ReLU,5000,1,0.009054210844661025,True,0.0005,L2,0.002121084756552141,400,5.831259696635683,3.713026672377443
1,5,5,1,leaky ReLU,5000,1,0.00983734564114137,True,0.0005,None,0.004732201840549823,400,1.4286340594443816,1.4246381905095236
1,79,79,1,leaky ReLU,5000,1,0.0030882334686366097,True,0.0005,L1,0.008994652782776055,400,1.4657394794522671,1.4113162819451182
1,47,47,1,sig,5000,1,0.009018524219722105,True,0.0005,None,0.004154838564774202,400,1.1171907160895036,1.280042164917658
1,30,30,1,leaky ReLU,5000,1,0.002062436744889512,True,0.0005,L2,0.002089170452323335,400,1.1808019324873613,1.3280081694486507
1,28,28,1,ReLU,5000,1,0.0022767198734529193,True,0.0005,L2,0.003230496540311341,400,1.1429638580908734,1.2899951653324002
1,91,91,1,leaky ReLU,5000,1,0.0015995283586969482,True,0.0005,L2,0.0031494795643294137,400,1.1543998991254678,1.3469785410054516
1,6,6,1,leaky ReLU,5000,1,0.0014336828387810138,True,0.0005,None,0.006996044305141494,400,1.4438758486759506,1.4737734926527268
1,72,72,1,leaky ReLU,5000,1,0.0037253432391904117,True,0.0005,None,0.006914286913639499,400,0.9583649361140404,1.2528864770817536
1,30,30,1,ReLU,5000,1,0.007942647592726166,True,0.0005,None,0.002388152086312773,400,2.5310257391021946,2.9166031121551885
1,54,54,1,sig,5000,1,0.005786325789779952,True,0.0005,L2,0.005498670881211276,400,1.4740847385702796,1.5632068002478166
1,94,94,1,ReLU,5000,1,0.0021545806841290925,True,0.0005,None,0.00731879973436112,400,0.9144245668556722,1.2387017550431905
1,67,67,1,sig,5000,1,0.008438029213452772,True,0.0005,L1,0.004377023252244921,400,3.6071880882033547,3.5653968552517337
1,82,82,1,leaky ReLU,5000,1,0.00105949351188867,True,0.0005,None,0.00997193003090453,400,1.1764163765092897,1.2824834194540857
1,39,39,1,sig,5000,1,0.0018484543552841834,True,0.0005,L2,0.006035224834805399,400,1.4957866931992925,1.627961609790248
1,50,50,1,ReLU,5000,1,0.0046706235735958,True,0.0005,L2,0.004646268823970389,400,1.1141800774662287,1.2714322849934392
1,43,43,1,leaky ReLU,5000,1,0.007556760370718462,True,0.0005,L2,0.00681989929814779,400,1.6841148784358675,1.340584309917125
1,25,25,1,ReLU,5000,1,0.004769848361741115,True,0.0005,L1,0.004928690593700953,400,1.213729607146534,1.2293745046769922
1,43,43,1,leaky ReLU,5000,1,0.004345128419177868,True,0.0005,L2,0.008574788662611629,400,1.2161401329540087,1.3735941371203506
1,10,10,1,ReLU,5000,1,0.0018212711605310131,True,0.0005,None,0.005579373290749333,400,1.2778180226093496,1.520952969384746
1,76,76,1,leaky ReLU,5000,1,0.004193356389993073,True,0.0005,L2,0.008445328631718825,400,1.0658880086118443,1.2856228644001835
1,98,98,1,leaky ReLU,5000,1,0.00639697293742232,True,0.0005,L1,0.0019042948600874934,400,1.3682052712397794,1.3909309702780654
1,49,49,1,leaky ReLU,5000,1,0.009278273850399942,True,0.0005,None,0.0027870823772844213,400,1.019908342656023,1.3513306127226206
1,89,89,1,ReLU,5000,1,0.004734307708080698,True,0.0005,None,0.008507904998909795,400,1.1222520291505065,1.2384225177124106
1,99,99,1,ReLU,5000,1,0.0013480434226813822,True,0.0005,L1,0.009243088053733077,400,1.326888268120323,1.5789793355508766
1,31,31,1,ReLU,5000,1,0.0027807521629043363,True,0.0005,L2,0.008678015837820373,400,1.2763231527484453,1.414582013277216
1,90,90,1,sig,5000,1,0.004417094447300485,True,0.0005,L1,0.0068251654114522085,400,3.5957098213823766,3.57905587425413
1,100,100,1,sig,5000,1,0.006172538237659218,True,0.0005,None,0.0029584470650648557,400,1.2585547654333382,1.330405371447513
1,62,62,1,ReLU,5000,1,0.0030424854896617527,True,0.0005,None,0.0013763308743194643,400,0.9841008290129021,1.279725525517283
1,91,91,1,leaky ReLU,5000,1,0.0028853599826689858,True,0.0005,None,0.0027730212010325696,400,1.0432044030438195,1.341824762284518
1,25,25,1,leaky ReLU,5000,1,0.006435691457224195,True,0.0005,None,0.0032361475356022487,400,1.1936227960726598,1.2867229270299596
1,83,83,1,sig,5000,1,0.007786124831186856,True,0.0005,L1,0.0026123366513610743,400,3.305628689046402,3.5536450316834145
1,33,33,1,ReLU,5000,1,0.006796940783166102,True,0.0005,L2,0.0028103297270717976,400,1.1962043801344968,1.323290098449171
1,95,95,1,leaky ReLU,5000,1,0.007969752888925721,True,0.0005,L2,0.003261078163701053,400,1.7637618828950161,1.7074974075232532
1,73,73,1,sig,5000,1,0.002746473140032321,True,0.0005,L1,0.003737011852342463,400,2.008679745441287,2.309978376485134
